classes,accuracy
airplane+breathing,0.875
airplane+brushing_teeth,0.875
airplane+can_opening,1.0
airplane+car_horn,0.875
airplane+cat,0.96875
airplane+chainsaw,0.84375
airplane+chirping_birds,0.96875
airplane+church_bells,0.84375
airplane+clapping,1.0
airplane+clock_alarm,0.96875
airplane+clock_tick,1.0
airplane+coughing,1.0
airplane+cow,0.9375
airplane+crackling_fire,0.96875
airplane+crickets,0.90625
airplane+crow,1.0
airplane+crying_baby,1.0
airplane+dog,1.0
airplane+door_wood_creaks,0.875
airplane+door_wood_knock,1.0
airplane+drinking_sipping,1.0
airplane+engine,0.96875
airplane+fireworks,1.0
airplane+footsteps,1.0
airplane+frog,1.0
airplane+glass_breaking,1.0
airplane+hand_saw,0.9375
airplane+helicopter,0.78125
airplane+hen,1.0
airplane+insects,0.84375
airplane+keyboard_typing,0.96875
airplane+laughing,1.0
airplane+mouse_click,1.0
airplane+pig,0.9375
airplane+pouring_water,1.0
airplane+rain,0.78125
airplane+rooster,1.0
airplane+sea_waves,0.875
airplane+sheep,0.875
airplane+siren,0.875
airplane+sneezing,1.0
airplane+snoring,1.0
airplane+thunderstorm,0.9375
airplane+toilet_flush,1.0
airplane+train,0.8125
airplane+vacuum_cleaner,0.9375
airplane+washing_machine,0.8125
airplane+water_drops,0.96875
airplane+wind,0.75
breathing+brushing_teeth,0.71875
breathing+can_opening,0.90625
breathing+car_horn,0.625
breathing+cat,0.96875
breathing+chainsaw,0.84375
breathing+chirping_birds,0.96875
breathing+church_bells,0.9375
breathing+clapping,0.71875
breathing+clock_alarm,0.875
breathing+clock_tick,0.71875
breathing+coughing,0.90625
breathing+cow,0.78125
breathing+crackling_fire,0.96875
breathing+crickets,0.90625
breathing+crow,0.71875
breathing+crying_baby,0.8125
breathing+dog,0.84375
breathing+door_wood_creaks,0.625
breathing+door_wood_knock,0.90625
breathing+drinking_sipping,0.90625
breathing+engine,0.9375
breathing+fireworks,0.84375
breathing+footsteps,0.75
breathing+frog,0.78125
breathing+glass_breaking,0.875
breathing+hand_saw,0.75
breathing+helicopter,0.90625
breathing+hen,0.84375
breathing+insects,0.875
breathing+keyboard_typing,0.78125
breathing+laughing,0.75
breathing+mouse_click,0.8125
breathing+pig,0.59375
breathing+pouring_water,0.8125
breathing+rain,0.875
breathing+rooster,0.96875
breathing+sea_waves,0.8125
breathing+sheep,0.75
breathing+siren,0.875
breathing+sneezing,0.9375
breathing+snoring,0.90625
breathing+thunderstorm,0.84375
breathing+toilet_flush,0.75
breathing+train,0.9375
breathing+vacuum_cleaner,0.96875
breathing+washing_machine,0.84375
breathing+water_drops,0.90625
breathing+wind,0.9375
brushing_teeth+can_opening,0.78125
brushing_teeth+car_horn,0.71875
brushing_teeth+cat,0.75
brushing_teeth+chainsaw,0.75
brushing_teeth+chirping_birds,0.875
brushing_teeth+church_bells,0.90625
brushing_teeth+clapping,0.78125
brushing_teeth+clock_alarm,0.71875
brushing_teeth+clock_tick,0.8125
brushing_teeth+coughing,0.84375
brushing_teeth+cow,0.84375
brushing_teeth+crackling_fire,0.84375
brushing_teeth+crickets,0.84375
brushing_teeth+crow,0.59375
brushing_teeth+crying_baby,0.84375
brushing_teeth+dog,0.65625
brushing_teeth+door_wood_creaks,0.8125
brushing_teeth+door_wood_knock,0.8125
brushing_teeth+drinking_sipping,0.78125
brushing_teeth+engine,0.90625
brushing_teeth+fireworks,0.75
brushing_teeth+footsteps,0.8125
brushing_teeth+frog,0.65625
brushing_teeth+glass_breaking,0.84375
brushing_teeth+hand_saw,0.84375
brushing_teeth+helicopter,0.84375
brushing_teeth+hen,0.71875
brushing_teeth+insects,0.8125
brushing_teeth+keyboard_typing,0.78125
brushing_teeth+laughing,0.65625
brushing_teeth+mouse_click,0.78125
brushing_teeth+pig,0.75
brushing_teeth+pouring_water,0.6875
brushing_teeth+rain,0.84375
brushing_teeth+rooster,0.84375
brushing_teeth+sea_waves,0.84375
brushing_teeth+sheep,0.75
brushing_teeth+siren,0.84375
brushing_teeth+sneezing,0.84375
brushing_teeth+snoring,0.875
brushing_teeth+thunderstorm,0.875
brushing_teeth+toilet_flush,0.84375
brushing_teeth+train,0.90625
brushing_teeth+vacuum_cleaner,1.0
brushing_teeth+washing_machine,0.875
brushing_teeth+water_drops,0.84375
brushing_teeth+wind,0.9375
can_opening+car_horn,0.78125
can_opening+cat,0.8125
can_opening+chainsaw,1.0
can_opening+chirping_birds,0.96875
can_opening+church_bells,1.0
can_opening+clapping,0.9375
can_opening+clock_alarm,0.9375
can_opening+clock_tick,0.65625
can_opening+coughing,0.875
can_opening+cow,0.96875
can_opening+crackling_fire,0.875
can_opening+crickets,0.90625
can_opening+crow,0.9375
can_opening+crying_baby,0.9375
can_opening+dog,0.90625
can_opening+door_wood_creaks,0.875
can_opening+door_wood_knock,0.84375
can_opening+drinking_sipping,0.8125
can_opening+engine,0.96875
can_opening+fireworks,0.96875
can_opening+footsteps,0.875
can_opening+frog,0.84375
can_opening+glass_breaking,0.75
can_opening+hand_saw,0.96875
can_opening+helicopter,1.0
can_opening+hen,0.9375
can_opening+insects,0.90625
can_opening+keyboard_typing,0.84375
can_opening+laughing,0.9375
can_opening+mouse_click,0.78125
can_opening+pig,0.84375
can_opening+pouring_water,0.90625
can_opening+rain,0.96875
can_opening+rooster,0.90625
can_opening+sea_waves,0.96875
can_opening+sheep,0.96875
can_opening+siren,1.0
can_opening+sneezing,0.875
can_opening+snoring,0.96875
can_opening+thunderstorm,1.0
can_opening+toilet_flush,1.0
can_opening+train,1.0
can_opening+vacuum_cleaner,1.0
can_opening+washing_machine,0.9375
can_opening+water_drops,0.6875
can_opening+wind,1.0
car_horn+cat,0.71875
car_horn+chainsaw,0.90625
car_horn+chirping_birds,0.875
car_horn+church_bells,0.9375
car_horn+clapping,0.90625
car_horn+clock_alarm,0.875
car_horn+clock_tick,0.625
car_horn+coughing,0.75
car_horn+cow,0.6875
car_horn+crackling_fire,0.84375
car_horn+crickets,0.875
car_horn+crow,0.875
car_horn+crying_baby,0.84375
car_horn+dog,0.75
car_horn+door_wood_creaks,0.5625
car_horn+door_wood_knock,0.78125
car_horn+drinking_sipping,0.65625
car_horn+engine,0.8125
car_horn+fireworks,0.875
car_horn+footsteps,0.6875
car_horn+frog,0.84375
car_horn+glass_breaking,0.875
car_horn+hand_saw,0.8125
car_horn+helicopter,0.65625
car_horn+hen,0.6875
car_horn+insects,0.5625
car_horn+keyboard_typing,0.71875
car_horn+laughing,0.75
car_horn+mouse_click,0.71875
car_horn+pig,0.65625
car_horn+pouring_water,0.9375
car_horn+rain,0.59375
car_horn+rooster,0.84375
car_horn+sea_waves,0.875
car_horn+sheep,0.75
car_horn+siren,0.90625
car_horn+sneezing,0.875
car_horn+snoring,0.8125
car_horn+thunderstorm,0.78125
car_horn+toilet_flush,0.90625
car_horn+train,0.8125
car_horn+vacuum_cleaner,1.0
car_horn+washing_machine,0.71875
car_horn+water_drops,0.8125
car_horn+wind,0.875
cat+chainsaw,1.0
cat+chirping_birds,0.90625
cat+church_bells,1.0
cat+clapping,0.90625
cat+clock_alarm,0.84375
cat+clock_tick,0.5
cat+coughing,0.84375
cat+cow,0.90625
cat+crackling_fire,0.96875
cat+crickets,0.875
cat+crow,0.875
cat+crying_baby,0.84375
cat+dog,0.8125
cat+door_wood_creaks,0.65625
cat+door_wood_knock,0.96875
cat+drinking_sipping,0.8125
cat+engine,0.96875
cat+fireworks,0.78125
cat+footsteps,0.8125
cat+frog,0.78125
cat+glass_breaking,0.90625
cat+hand_saw,1.0
cat+helicopter,0.96875
cat+hen,0.71875
cat+insects,0.875
cat+keyboard_typing,0.78125
cat+laughing,0.625
cat+mouse_click,0.875
cat+pig,0.78125
cat+pouring_water,0.84375
cat+rain,0.875
cat+rooster,0.75
cat+sea_waves,0.96875
cat+sheep,0.875
cat+siren,0.875
cat+sneezing,0.65625
cat+snoring,0.90625
cat+thunderstorm,0.96875
cat+toilet_flush,0.96875
cat+train,0.96875
cat+vacuum_cleaner,1.0
cat+washing_machine,0.875
cat+water_drops,0.8125
cat+wind,0.96875
chainsaw+chirping_birds,0.90625
chainsaw+church_bells,0.96875
chainsaw+clapping,0.875
chainsaw+clock_alarm,0.9375
chainsaw+clock_tick,0.96875
chainsaw+coughing,0.9375
chainsaw+cow,0.9375
chainsaw+crackling_fire,0.96875
chainsaw+crickets,0.96875
chainsaw+crow,0.9375
chainsaw+crying_baby,0.9375
chainsaw+dog,0.9375
chainsaw+door_wood_creaks,0.78125
chainsaw+door_wood_knock,1.0
chainsaw+drinking_sipping,1.0
chainsaw+engine,0.90625
chainsaw+fireworks,0.90625
chainsaw+footsteps,0.9375
chainsaw+frog,0.96875
chainsaw+glass_breaking,0.96875
chainsaw+hand_saw,0.65625
chainsaw+helicopter,0.84375
chainsaw+hen,0.96875
chainsaw+insects,0.9375
chainsaw+keyboard_typing,0.9375
chainsaw+laughing,0.90625
chainsaw+mouse_click,1.0
chainsaw+pig,0.78125
chainsaw+pouring_water,0.9375
chainsaw+rain,0.6875
chainsaw+rooster,1.0
chainsaw+sea_waves,0.6875
chainsaw+sheep,0.875
chainsaw+siren,0.9375
chainsaw+sneezing,1.0
chainsaw+snoring,0.96875
chainsaw+thunderstorm,1.0
chainsaw+toilet_flush,0.84375
chainsaw+train,0.78125
chainsaw+vacuum_cleaner,0.59375
chainsaw+washing_machine,0.78125
chainsaw+water_drops,1.0
chainsaw+wind,0.9375
chirping_birds+church_bells,0.96875
chirping_birds+clapping,0.90625
chirping_birds+clock_alarm,0.84375
chirping_birds+clock_tick,0.9375
chirping_birds+coughing,0.9375
chirping_birds+cow,0.875
chirping_birds+crackling_fire,0.96875
chirping_birds+crickets,0.8125
chirping_birds+crow,0.90625
chirping_birds+crying_baby,0.8125
chirping_birds+dog,0.875
chirping_birds+door_wood_creaks,0.9375
chirping_birds+door_wood_knock,0.96875
chirping_birds+drinking_sipping,0.90625
chirping_birds+engine,0.9375
chirping_birds+fireworks,0.90625
chirping_birds+footsteps,0.9375
chirping_birds+frog,0.78125
chirping_birds+glass_breaking,0.9375
chirping_birds+hand_saw,0.90625
chirping_birds+helicopter,0.96875
chirping_birds+hen,0.78125
chirping_birds+insects,0.78125
chirping_birds+keyboard_typing,0.84375
chirping_birds+laughing,0.8125
chirping_birds+mouse_click,0.9375
chirping_birds+pig,0.84375
chirping_birds+pouring_water,0.8125
chirping_birds+rain,0.6875
chirping_birds+rooster,0.9375
chirping_birds+sea_waves,0.84375
chirping_birds+sheep,0.8125
chirping_birds+siren,0.84375
chirping_birds+sneezing,0.9375
chirping_birds+snoring,0.96875
chirping_birds+thunderstorm,0.96875
chirping_birds+toilet_flush,0.84375
chirping_birds+train,0.96875
chirping_birds+vacuum_cleaner,0.96875
chirping_birds+washing_machine,0.875
chirping_birds+water_drops,0.9375
chirping_birds+wind,0.9375
church_bells+clapping,0.875
church_bells+clock_alarm,0.90625
church_bells+clock_tick,0.96875
church_bells+coughing,1.0
church_bells+cow,0.84375
church_bells+crackling_fire,0.96875
church_bells+crickets,0.875
church_bells+crow,1.0
church_bells+crying_baby,0.96875
church_bells+dog,0.90625
church_bells+door_wood_creaks,0.9375
church_bells+door_wood_knock,1.0
church_bells+drinking_sipping,0.96875
church_bells+engine,1.0
church_bells+fireworks,0.90625
church_bells+footsteps,0.96875
church_bells+frog,0.96875
church_bells+glass_breaking,1.0
church_bells+hand_saw,1.0
church_bells+helicopter,0.84375
church_bells+hen,0.96875
church_bells+insects,0.78125
church_bells+keyboard_typing,0.90625
church_bells+laughing,0.875
church_bells+mouse_click,0.96875
church_bells+pig,0.96875
church_bells+pouring_water,1.0
church_bells+rain,0.875
church_bells+rooster,1.0
church_bells+sea_waves,0.875
church_bells+sheep,0.84375
church_bells+siren,0.71875
church_bells+sneezing,1.0
church_bells+snoring,0.96875
church_bells+thunderstorm,0.9375
church_bells+toilet_flush,0.96875
church_bells+train,0.9375
church_bells+vacuum_cleaner,0.96875
church_bells+washing_machine,0.84375
church_bells+water_drops,0.9375
church_bells+wind,0.90625
clapping+clock_alarm,0.84375
clapping+clock_tick,0.90625
clapping+coughing,0.9375
clapping+cow,0.78125
clapping+crackling_fire,0.96875
clapping+crickets,0.9375
clapping+crow,0.8125
clapping+crying_baby,0.78125
clapping+dog,0.90625
clapping+door_wood_creaks,0.8125
clapping+door_wood_knock,0.96875
clapping+drinking_sipping,0.90625
clapping+engine,0.90625
clapping+fireworks,0.90625
clapping+footsteps,0.90625
clapping+frog,0.875
clapping+glass_breaking,0.875
clapping+hand_saw,0.78125
clapping+helicopter,0.96875
clapping+hen,0.75
clapping+insects,0.9375
clapping+keyboard_typing,0.90625
clapping+laughing,0.75
clapping+mouse_click,0.9375
clapping+pig,0.71875
clapping+pouring_water,0.78125
clapping+rain,0.90625
clapping+rooster,0.90625
clapping+sea_waves,0.875
clapping+sheep,0.8125
clapping+siren,0.90625
clapping+sneezing,0.90625
clapping+snoring,0.9375
clapping+thunderstorm,0.9375
clapping+toilet_flush,0.75
clapping+train,0.96875
clapping+vacuum_cleaner,0.8125
clapping+washing_machine,0.84375
clapping+water_drops,0.96875
clapping+wind,0.96875
clock_alarm+clock_tick,0.78125
clock_alarm+coughing,0.875
clock_alarm+cow,0.96875
clock_alarm+crackling_fire,0.90625
clock_alarm+crickets,0.84375
clock_alarm+crow,0.90625
clock_alarm+crying_baby,0.875
clock_alarm+dog,0.875
clock_alarm+door_wood_creaks,0.8125
clock_alarm+door_wood_knock,0.96875
clock_alarm+drinking_sipping,0.96875
clock_alarm+engine,1.0
clock_alarm+fireworks,0.9375
clock_alarm+footsteps,0.90625
clock_alarm+frog,0.875
clock_alarm+glass_breaking,0.875
clock_alarm+hand_saw,0.875
clock_alarm+helicopter,0.96875
clock_alarm+hen,0.875
clock_alarm+insects,0.875
clock_alarm+keyboard_typing,0.75
clock_alarm+laughing,0.90625
clock_alarm+mouse_click,0.90625
clock_alarm+pig,0.71875
clock_alarm+pouring_water,0.8125
clock_alarm+rain,0.90625
clock_alarm+rooster,0.875
clock_alarm+sea_waves,0.9375
clock_alarm+sheep,0.90625
clock_alarm+siren,0.9375
clock_alarm+sneezing,0.9375
clock_alarm+snoring,0.9375
clock_alarm+thunderstorm,0.96875
clock_alarm+toilet_flush,0.875
clock_alarm+train,0.96875
clock_alarm+vacuum_cleaner,1.0
clock_alarm+washing_machine,0.96875
clock_alarm+water_drops,0.875
clock_alarm+wind,0.96875
clock_tick+coughing,0.65625
clock_tick+cow,0.90625
clock_tick+crackling_fire,0.84375
clock_tick+crickets,0.90625
clock_tick+crow,0.84375
clock_tick+crying_baby,0.75
clock_tick+dog,0.71875
clock_tick+door_wood_creaks,0.625
clock_tick+door_wood_knock,0.71875
clock_tick+drinking_sipping,0.625
clock_tick+engine,1.0
clock_tick+fireworks,0.71875
clock_tick+footsteps,0.625
clock_tick+frog,0.71875
clock_tick+glass_breaking,0.90625
clock_tick+hand_saw,0.96875
clock_tick+helicopter,0.90625
clock_tick+hen,0.625
clock_tick+insects,0.53125
clock_tick+keyboard_typing,0.5
clock_tick+laughing,0.5625
clock_tick+mouse_click,0.59375
clock_tick+pig,0.71875
clock_tick+pouring_water,0.625
clock_tick+rain,0.9375
clock_tick+rooster,0.875
clock_tick+sea_waves,0.9375
clock_tick+sheep,0.8125
clock_tick+siren,0.90625
clock_tick+sneezing,0.71875
clock_tick+snoring,0.8125
clock_tick+thunderstorm,0.9375
clock_tick+toilet_flush,0.90625
clock_tick+train,1.0
clock_tick+vacuum_cleaner,1.0
clock_tick+washing_machine,0.8125
clock_tick+water_drops,0.5625
clock_tick+wind,0.96875
coughing+cow,0.875
coughing+crackling_fire,0.96875
coughing+crickets,0.96875
coughing+crow,0.9375
coughing+crying_baby,0.875
coughing+dog,0.90625
coughing+door_wood_creaks,0.90625
coughing+door_wood_knock,0.90625
coughing+drinking_sipping,0.625
coughing+engine,0.9375
coughing+fireworks,0.96875
coughing+footsteps,0.84375
coughing+frog,0.9375
coughing+glass_breaking,0.84375
coughing+hand_saw,0.90625
coughing+helicopter,1.0
coughing+hen,0.9375
coughing+insects,0.90625
coughing+keyboard_typing,0.875
coughing+laughing,0.875
coughing+mouse_click,0.8125
coughing+pig,0.875
coughing+pouring_water,0.75
coughing+rain,0.96875
coughing+rooster,0.90625
coughing+sea_waves,1.0
coughing+sheep,1.0
coughing+siren,1.0
coughing+sneezing,0.65625
coughing+snoring,0.96875
coughing+thunderstorm,1.0
coughing+toilet_flush,0.9375
coughing+train,1.0
coughing+vacuum_cleaner,1.0
coughing+washing_machine,1.0
coughing+water_drops,0.90625
coughing+wind,1.0
cow+crackling_fire,0.96875
cow+crickets,0.90625
cow+crow,0.90625
cow+crying_baby,0.90625
cow+dog,0.90625
cow+door_wood_creaks,0.78125
cow+door_wood_knock,0.9375
cow+drinking_sipping,0.875
cow+engine,0.96875
cow+fireworks,0.9375
cow+footsteps,0.875
cow+frog,0.875
cow+glass_breaking,1.0
cow+hand_saw,0.9375
cow+helicopter,0.90625
cow+hen,0.78125
cow+insects,0.75
cow+keyboard_typing,0.78125
cow+laughing,0.75
cow+mouse_click,0.96875
cow+pig,0.6875
cow+pouring_water,0.90625
cow+rain,0.9375
cow+rooster,0.90625
cow+sea_waves,0.90625
cow+sheep,0.71875
cow+siren,0.75
cow+sneezing,0.9375
cow+snoring,0.96875
cow+thunderstorm,0.90625
cow+toilet_flush,0.84375
cow+train,0.96875
cow+vacuum_cleaner,0.96875
cow+washing_machine,0.84375
cow+water_drops,0.9375
cow+wind,1.0
crackling_fire+crickets,0.90625
crackling_fire+crow,0.9375
crackling_fire+crying_baby,0.96875
crackling_fire+dog,0.96875
crackling_fire+door_wood_creaks,0.9375
crackling_fire+door_wood_knock,0.9375
crackling_fire+drinking_sipping,0.875
crackling_fire+engine,0.96875
crackling_fire+fireworks,0.84375
crackling_fire+footsteps,0.8125
crackling_fire+frog,0.8125
crackling_fire+glass_breaking,0.9375
crackling_fire+hand_saw,0.96875
crackling_fire+helicopter,0.96875
crackling_fire+hen,0.90625
crackling_fire+insects,0.78125
crackling_fire+keyboard_typing,0.9375
crackling_fire+laughing,0.9375
crackling_fire+mouse_click,0.5625
crackling_fire+pig,0.84375
crackling_fire+pouring_water,0.9375
crackling_fire+rain,0.875
crackling_fire+rooster,1.0
crackling_fire+sea_waves,0.96875
crackling_fire+sheep,0.9375
crackling_fire+siren,0.96875
crackling_fire+sneezing,0.90625
crackling_fire+snoring,0.75
crackling_fire+thunderstorm,0.78125
crackling_fire+toilet_flush,0.96875
crackling_fire+train,0.96875
crackling_fire+vacuum_cleaner,1.0
crackling_fire+washing_machine,0.9375
crackling_fire+water_drops,0.53125
crackling_fire+wind,0.9375
crickets+crow,0.96875
crickets+crying_baby,0.9375
crickets+dog,0.96875
crickets+door_wood_creaks,0.9375
crickets+door_wood_knock,0.96875
crickets+drinking_sipping,0.9375
crickets+engine,0.9375
crickets+fireworks,0.9375
crickets+footsteps,0.96875
crickets+frog,0.9375
crickets+glass_breaking,0.96875
crickets+hand_saw,0.90625
crickets+helicopter,0.75
crickets+hen,0.84375
crickets+insects,0.84375
crickets+keyboard_typing,0.9375
crickets+laughing,0.9375
crickets+mouse_click,0.9375
crickets+pig,0.90625
crickets+pouring_water,0.96875
crickets+rain,0.84375
crickets+rooster,0.96875
crickets+sea_waves,0.90625
crickets+sheep,0.90625
crickets+siren,0.9375
crickets+sneezing,0.96875
crickets+snoring,0.96875
crickets+thunderstorm,0.96875
crickets+toilet_flush,0.9375
crickets+train,0.875
crickets+vacuum_cleaner,1.0
crickets+washing_machine,0.75
crickets+water_drops,0.875
crickets+wind,0.90625
crow+crying_baby,0.875
crow+dog,0.90625
crow+door_wood_creaks,0.71875
crow+door_wood_knock,0.96875
crow+drinking_sipping,0.9375
crow+engine,0.90625
crow+fireworks,0.90625
crow+footsteps,0.90625
crow+frog,0.78125
crow+glass_breaking,1.0
crow+hand_saw,0.84375
crow+helicopter,0.96875
crow+hen,0.90625
crow+insects,0.875
crow+keyboard_typing,0.875
crow+laughing,0.8125
crow+mouse_click,0.875
crow+pig,0.75
crow+pouring_water,0.84375
crow+rain,0.9375
crow+rooster,0.8125
crow+sea_waves,0.9375
crow+sheep,0.90625
crow+siren,0.875
crow+sneezing,0.96875
crow+snoring,0.96875
crow+thunderstorm,0.9375
crow+toilet_flush,0.8125
crow+train,1.0
crow+vacuum_cleaner,0.9375
crow+washing_machine,0.875
crow+water_drops,0.90625
crow+wind,1.0
crying_baby+dog,0.8125
crying_baby+door_wood_creaks,0.8125
crying_baby+door_wood_knock,1.0
crying_baby+drinking_sipping,0.84375
crying_baby+engine,1.0
crying_baby+fireworks,0.875
crying_baby+footsteps,0.8125
crying_baby+frog,0.90625
crying_baby+glass_breaking,0.90625
crying_baby+hand_saw,0.875
crying_baby+helicopter,1.0
crying_baby+hen,0.8125
crying_baby+insects,0.875
crying_baby+keyboard_typing,0.84375
crying_baby+laughing,0.6875
crying_baby+mouse_click,0.9375
crying_baby+pig,0.84375
crying_baby+pouring_water,0.65625
crying_baby+rain,0.96875
crying_baby+rooster,0.875
crying_baby+sea_waves,1.0
crying_baby+sheep,0.78125
crying_baby+siren,0.90625
crying_baby+sneezing,0.9375
crying_baby+snoring,0.9375
crying_baby+thunderstorm,0.96875
crying_baby+toilet_flush,0.96875
crying_baby+train,0.96875
crying_baby+vacuum_cleaner,1.0
crying_baby+washing_machine,0.96875
crying_baby+water_drops,0.9375
crying_baby+wind,1.0
dog+door_wood_creaks,0.75
dog+door_wood_knock,0.90625
dog+drinking_sipping,0.8125
dog+engine,0.96875
dog+fireworks,0.9375
dog+footsteps,0.90625
dog+frog,0.78125
dog+glass_breaking,1.0
dog+hand_saw,1.0
dog+helicopter,0.96875
dog+hen,0.8125
dog+insects,0.90625
dog+keyboard_typing,0.8125
dog+laughing,0.53125
dog+mouse_click,0.96875
dog+pig,0.8125
dog+pouring_water,0.78125
dog+rain,0.9375
dog+rooster,0.875
dog+sea_waves,0.9375
dog+sheep,0.84375
dog+siren,0.875
dog+sneezing,0.9375
dog+snoring,1.0
dog+thunderstorm,1.0
dog+toilet_flush,0.90625
dog+train,1.0
dog+vacuum_cleaner,0.90625
dog+washing_machine,0.90625
dog+water_drops,0.8125
dog+wind,1.0
door_wood_creaks+door_wood_knock,0.78125
door_wood_creaks+drinking_sipping,0.8125
door_wood_creaks+engine,0.84375
door_wood_creaks+fireworks,0.71875
door_wood_creaks+footsteps,0.6875
door_wood_creaks+frog,0.71875
door_wood_creaks+glass_breaking,0.71875
door_wood_creaks+hand_saw,0.71875
door_wood_creaks+helicopter,0.8125
door_wood_creaks+hen,0.78125
door_wood_creaks+insects,0.75
door_wood_creaks+keyboard_typing,0.71875
door_wood_creaks+laughing,0.625
door_wood_creaks+mouse_click,0.84375
door_wood_creaks+pig,0.65625
door_wood_creaks+pouring_water,0.78125
door_wood_creaks+rain,0.78125
door_wood_creaks+rooster,0.96875
door_wood_creaks+sea_waves,0.84375
door_wood_creaks+sheep,0.71875
door_wood_creaks+siren,0.84375
door_wood_creaks+sneezing,0.9375
door_wood_creaks+snoring,0.8125
door_wood_creaks+thunderstorm,0.84375
door_wood_creaks+toilet_flush,0.71875
door_wood_creaks+train,0.875
door_wood_creaks+vacuum_cleaner,0.90625
door_wood_creaks+washing_machine,0.78125
door_wood_creaks+water_drops,0.8125
door_wood_creaks+wind,0.875
door_wood_knock+drinking_sipping,0.78125
door_wood_knock+engine,1.0
door_wood_knock+fireworks,0.84375
door_wood_knock+footsteps,0.8125
door_wood_knock+frog,0.875
door_wood_knock+glass_breaking,1.0
door_wood_knock+hand_saw,0.96875
door_wood_knock+helicopter,1.0
door_wood_knock+hen,0.96875
door_wood_knock+insects,0.9375
door_wood_knock+keyboard_typing,0.875
door_wood_knock+laughing,1.0
door_wood_knock+mouse_click,0.8125
door_wood_knock+pig,0.8125
door_wood_knock+pouring_water,0.9375
door_wood_knock+rain,0.96875
door_wood_knock+rooster,0.96875
door_wood_knock+sea_waves,1.0
door_wood_knock+sheep,1.0
door_wood_knock+siren,1.0
door_wood_knock+sneezing,1.0
door_wood_knock+snoring,0.8125
door_wood_knock+thunderstorm,0.96875
door_wood_knock+toilet_flush,0.96875
door_wood_knock+train,1.0
door_wood_knock+vacuum_cleaner,0.96875
door_wood_knock+washing_machine,0.875
door_wood_knock+water_drops,0.84375
door_wood_knock+wind,1.0
drinking_sipping+engine,1.0
drinking_sipping+fireworks,0.65625
drinking_sipping+footsteps,0.78125
drinking_sipping+frog,0.84375
drinking_sipping+glass_breaking,0.96875
drinking_sipping+hand_saw,1.0
drinking_sipping+helicopter,0.96875
drinking_sipping+hen,0.84375
drinking_sipping+insects,0.75
drinking_sipping+keyboard_typing,0.6875
drinking_sipping+laughing,0.65625
drinking_sipping+mouse_click,0.78125
drinking_sipping+pig,0.8125
drinking_sipping+pouring_water,0.78125
drinking_sipping+rain,0.96875
drinking_sipping+rooster,0.8125
drinking_sipping+sea_waves,0.96875
drinking_sipping+sheep,0.90625
drinking_sipping+siren,0.875
drinking_sipping+sneezing,0.8125
drinking_sipping+snoring,0.84375
drinking_sipping+thunderstorm,1.0
drinking_sipping+toilet_flush,0.9375
drinking_sipping+train,1.0
drinking_sipping+vacuum_cleaner,1.0
drinking_sipping+washing_machine,0.875
drinking_sipping+water_drops,0.65625
drinking_sipping+wind,0.96875
engine+fireworks,0.9375
engine+footsteps,1.0
engine+frog,0.96875
engine+glass_breaking,1.0
engine+hand_saw,0.9375
engine+helicopter,0.71875
engine+hen,1.0
engine+insects,0.90625
engine+keyboard_typing,1.0
engine+laughing,1.0
engine+mouse_click,0.96875
engine+pig,1.0
engine+pouring_water,1.0
engine+rain,0.78125
engine+rooster,1.0
engine+sea_waves,0.8125
engine+sheep,0.9375
engine+siren,1.0
engine+sneezing,1.0
engine+snoring,0.96875
engine+thunderstorm,1.0
engine+toilet_flush,0.90625
engine+train,0.90625
engine+vacuum_cleaner,0.84375
engine+washing_machine,0.84375
engine+water_drops,0.9375
engine+wind,0.8125
fireworks+footsteps,0.53125
fireworks+frog,0.75
fireworks+glass_breaking,0.96875
fireworks+hand_saw,0.96875
fireworks+helicopter,0.96875
fireworks+hen,0.84375
fireworks+insects,0.90625
fireworks+keyboard_typing,0.71875
fireworks+laughing,0.75
fireworks+mouse_click,0.84375
fireworks+pig,0.90625
fireworks+pouring_water,0.90625
fireworks+rain,1.0
fireworks+rooster,1.0
fireworks+sea_waves,0.96875
fireworks+sheep,0.75
fireworks+siren,0.96875
fireworks+sneezing,0.96875
fireworks+snoring,0.9375
fireworks+thunderstorm,1.0
fireworks+toilet_flush,0.9375
fireworks+train,0.96875
fireworks+vacuum_cleaner,0.96875
fireworks+washing_machine,0.90625
fireworks+water_drops,0.84375
fireworks+wind,1.0
footsteps+frog,0.75
footsteps+glass_breaking,0.96875
footsteps+hand_saw,0.9375
footsteps+helicopter,0.9375
footsteps+hen,0.8125
footsteps+insects,0.78125
footsteps+keyboard_typing,0.6875
footsteps+laughing,0.75
footsteps+mouse_click,0.75
footsteps+pig,0.78125
footsteps+pouring_water,0.75
footsteps+rain,0.9375
footsteps+rooster,0.9375
footsteps+sea_waves,0.9375
footsteps+sheep,0.875
footsteps+siren,0.96875
footsteps+sneezing,0.9375
footsteps+snoring,0.75
footsteps+thunderstorm,0.875
footsteps+toilet_flush,0.90625
footsteps+train,1.0
footsteps+vacuum_cleaner,0.96875
footsteps+washing_machine,0.875
footsteps+water_drops,0.84375
footsteps+wind,1.0
frog+glass_breaking,0.96875
frog+hand_saw,0.875
frog+helicopter,0.96875
frog+hen,0.84375
frog+insects,0.8125
frog+keyboard_typing,0.6875
frog+laughing,0.78125
frog+mouse_click,0.75
frog+pig,0.875
frog+pouring_water,0.9375
frog+rain,0.96875
frog+rooster,0.96875
frog+sea_waves,0.90625
frog+sheep,0.6875
frog+siren,0.9375
frog+sneezing,0.96875
frog+snoring,0.84375
frog+thunderstorm,0.84375
frog+toilet_flush,0.96875
frog+train,1.0
frog+vacuum_cleaner,0.9375
frog+washing_machine,0.875
frog+water_drops,0.75
frog+wind,1.0
glass_breaking+hand_saw,0.9375
glass_breaking+helicopter,1.0
glass_breaking+hen,1.0
glass_breaking+insects,0.90625
glass_breaking+keyboard_typing,0.875
glass_breaking+laughing,0.96875
glass_breaking+mouse_click,0.71875
glass_breaking+pig,0.875
glass_breaking+pouring_water,0.875
glass_breaking+rain,0.96875
glass_breaking+rooster,0.9375
glass_breaking+sea_waves,1.0
glass_breaking+sheep,1.0
glass_breaking+siren,1.0
glass_breaking+sneezing,0.75
glass_breaking+snoring,1.0
glass_breaking+thunderstorm,1.0
glass_breaking+toilet_flush,0.9375
glass_breaking+train,1.0
glass_breaking+vacuum_cleaner,0.96875
glass_breaking+washing_machine,1.0
glass_breaking+water_drops,0.8125
glass_breaking+wind,1.0
hand_saw+helicopter,1.0
hand_saw+hen,0.9375
hand_saw+insects,0.90625
hand_saw+keyboard_typing,0.9375
hand_saw+laughing,0.84375
hand_saw+mouse_click,1.0
hand_saw+pig,0.71875
hand_saw+pouring_water,0.8125
hand_saw+rain,0.90625
hand_saw+rooster,0.9375
hand_saw+sea_waves,0.875
hand_saw+sheep,0.90625
hand_saw+siren,0.9375
hand_saw+sneezing,0.96875
hand_saw+snoring,1.0
hand_saw+thunderstorm,1.0
hand_saw+toilet_flush,0.71875
hand_saw+train,1.0
hand_saw+vacuum_cleaner,0.875
hand_saw+washing_machine,0.90625
hand_saw+water_drops,0.96875
hand_saw+wind,1.0
helicopter+hen,0.9375
helicopter+insects,0.8125
helicopter+keyboard_typing,1.0
helicopter+laughing,0.96875
helicopter+mouse_click,0.84375
helicopter+pig,0.90625
helicopter+pouring_water,1.0
helicopter+rain,0.8125
helicopter+rooster,0.96875
helicopter+sea_waves,0.875
helicopter+sheep,0.96875
helicopter+siren,0.90625
helicopter+sneezing,1.0
helicopter+snoring,1.0
helicopter+thunderstorm,0.78125
helicopter+toilet_flush,1.0
helicopter+train,0.75
helicopter+vacuum_cleaner,0.9375
helicopter+washing_machine,0.59375
helicopter+water_drops,0.96875
helicopter+wind,0.5625
hen+insects,0.71875
hen+keyboard_typing,0.75
hen+laughing,0.59375
hen+mouse_click,0.9375
hen+pig,0.6875
hen+pouring_water,0.75
hen+rain,0.84375
hen+rooster,0.90625
hen+sea_waves,0.90625
hen+sheep,0.75
hen+siren,0.875
hen+sneezing,0.90625
hen+snoring,0.96875
hen+thunderstorm,0.9375
hen+toilet_flush,0.875
hen+train,0.9375
hen+vacuum_cleaner,0.96875
hen+washing_machine,0.875
hen+water_drops,0.9375
hen+wind,1.0
insects+keyboard_typing,0.8125
insects+laughing,0.8125
insects+mouse_click,0.75
insects+pig,0.6875
insects+pouring_water,0.875
insects+rain,0.65625
insects+rooster,0.9375
insects+sea_waves,0.8125
insects+sheep,0.90625
insects+siren,0.9375
insects+sneezing,0.90625
insects+snoring,0.875
insects+thunderstorm,0.875
insects+toilet_flush,0.9375
insects+train,0.8125
insects+vacuum_cleaner,0.90625
insects+washing_machine,0.59375
insects+water_drops,0.84375
insects+wind,0.8125
keyboard_typing+laughing,0.59375
keyboard_typing+mouse_click,0.8125
keyboard_typing+pig,0.78125
keyboard_typing+pouring_water,0.6875
keyboard_typing+rain,0.9375
keyboard_typing+rooster,0.875
keyboard_typing+sea_waves,1.0
keyboard_typing+sheep,0.84375
keyboard_typing+siren,0.90625
keyboard_typing+sneezing,0.84375
keyboard_typing+snoring,0.8125
keyboard_typing+thunderstorm,0.96875
keyboard_typing+toilet_flush,0.90625
keyboard_typing+train,0.96875
keyboard_typing+vacuum_cleaner,1.0
keyboard_typing+washing_machine,0.9375
keyboard_typing+water_drops,0.84375
keyboard_typing+wind,0.96875
laughing+mouse_click,0.90625
laughing+pig,0.84375
laughing+pouring_water,0.71875
laughing+rain,0.90625
laughing+rooster,0.65625
laughing+sea_waves,0.84375
laughing+sheep,0.65625
laughing+siren,0.8125
laughing+sneezing,0.84375
laughing+snoring,0.9375
laughing+thunderstorm,0.96875
laughing+toilet_flush,0.84375
laughing+train,0.9375
laughing+vacuum_cleaner,0.9375
laughing+washing_machine,0.90625
laughing+water_drops,0.9375
laughing+wind,1.0
mouse_click+pig,0.875
mouse_click+pouring_water,0.84375
mouse_click+rain,0.875
mouse_click+rooster,1.0
mouse_click+sea_waves,1.0
mouse_click+sheep,0.96875
mouse_click+siren,0.96875
mouse_click+sneezing,0.8125
mouse_click+snoring,0.8125
mouse_click+thunderstorm,0.90625
mouse_click+toilet_flush,0.96875
mouse_click+train,0.96875
mouse_click+vacuum_cleaner,1.0
mouse_click+washing_machine,0.96875
mouse_click+water_drops,0.59375
mouse_click+wind,0.96875
pig+pouring_water,0.71875
pig+rain,0.90625
pig+rooster,0.875
pig+sea_waves,0.90625
pig+sheep,0.625
pig+siren,0.875
pig+sneezing,0.875
pig+snoring,0.78125
pig+thunderstorm,0.90625
pig+toilet_flush,0.96875
pig+train,0.9375
pig+vacuum_cleaner,0.90625
pig+washing_machine,0.8125
pig+water_drops,0.90625
pig+wind,1.0
pouring_water+rain,0.96875
pouring_water+rooster,0.6875
pouring_water+sea_waves,1.0
pouring_water+sheep,0.75
pouring_water+siren,0.90625
pouring_water+sneezing,0.875
pouring_water+snoring,0.9375
pouring_water+thunderstorm,1.0
pouring_water+toilet_flush,0.8125
pouring_water+train,1.0
pouring_water+vacuum_cleaner,1.0
pouring_water+washing_machine,0.96875
pouring_water+water_drops,0.84375
pouring_water+wind,1.0
rain+rooster,0.96875
rain+sea_waves,0.75
rain+sheep,0.84375
rain+siren,0.84375
rain+sneezing,0.96875
rain+snoring,0.90625
rain+thunderstorm,0.90625
rain+toilet_flush,0.875
rain+train,0.6875
rain+vacuum_cleaner,0.78125
rain+washing_machine,0.625
rain+water_drops,0.90625
rain+wind,0.65625
rooster+sea_waves,1.0
rooster+sheep,1.0
rooster+siren,0.96875
rooster+sneezing,0.84375
rooster+snoring,1.0
rooster+thunderstorm,1.0
rooster+toilet_flush,0.9375
rooster+train,1.0
rooster+vacuum_cleaner,1.0
rooster+washing_machine,1.0
rooster+water_drops,0.96875
rooster+wind,1.0
sea_waves+sheep,0.90625
sea_waves+siren,0.90625
sea_waves+sneezing,1.0
sea_waves+snoring,0.96875
sea_waves+thunderstorm,0.9375
sea_waves+toilet_flush,0.90625
sea_waves+train,0.90625
sea_waves+vacuum_cleaner,0.75
sea_waves+washing_machine,0.78125
sea_waves+water_drops,1.0
sea_waves+wind,0.9375
sheep+siren,0.84375
sheep+sneezing,0.90625
sheep+snoring,0.9375
sheep+thunderstorm,0.8125
sheep+toilet_flush,0.90625
sheep+train,0.875
sheep+vacuum_cleaner,0.9375
sheep+washing_machine,0.875
sheep+water_drops,0.96875
sheep+wind,0.96875
siren+sneezing,1.0
siren+snoring,0.9375
siren+thunderstorm,0.9375
siren+toilet_flush,0.9375
siren+train,0.8125
siren+vacuum_cleaner,0.96875
siren+washing_machine,0.9375
siren+water_drops,0.9375
siren+wind,0.96875
sneezing+snoring,1.0
sneezing+thunderstorm,1.0
sneezing+toilet_flush,0.9375
sneezing+train,1.0
sneezing+vacuum_cleaner,1.0
sneezing+washing_machine,1.0
sneezing+water_drops,0.8125
sneezing+wind,1.0
snoring+thunderstorm,0.90625
snoring+toilet_flush,0.9375
snoring+train,0.96875
snoring+vacuum_cleaner,0.96875
snoring+washing_machine,0.8125
snoring+water_drops,0.84375
snoring+wind,0.96875
thunderstorm+toilet_flush,1.0
thunderstorm+train,0.9375
thunderstorm+vacuum_cleaner,1.0
thunderstorm+washing_machine,0.75
thunderstorm+water_drops,0.90625
thunderstorm+wind,0.96875
toilet_flush+train,1.0
toilet_flush+vacuum_cleaner,0.8125
toilet_flush+washing_machine,0.84375
toilet_flush+water_drops,0.96875
toilet_flush+wind,1.0
train+vacuum_cleaner,0.96875
train+washing_machine,0.75
train+water_drops,0.96875
train+wind,0.75
vacuum_cleaner+washing_machine,0.90625
vacuum_cleaner+water_drops,1.0
vacuum_cleaner+wind,0.84375
washing_machine+water_drops,0.9375
washing_machine+wind,0.65625
water_drops+wind,0.9375
